episode,reward,mttd,mttr,fpr,csr,compromised
1,-995.45,10,200,0.0302,0,0
2,-103.17,4,200,0.0329,0,10
3,-102.13,7,31,0.0229,1,1
4,-30.74,8,11,0.0218,1,1
5,-96.69,6,25,0.0267,1,1
6,-55.49,11,13,0.0276,1,2
7,-235.16,15,54,0.0270,1,1
8,-112.81,6,26,0.0270,1,1
9,-69.51,7,200,0.0243,0,7
10,-113.07,7,24,0.0311,1,1
11,-83.72,14,24,0.0267,1,2
12,-73.49,16,18,0.0288,1,2
13,-80.37,9,200,0.0185,0,3
14,-89.34,5,20,0.0273,1,1
15,-72.92,5,22,0.0247,1,2
16,-91.44,4,17,0.0314,1,2
17,-126.03,8,200,0.0263,0,1
18,-85.74,19,23,0.0268,1,1
19,-966.92,10,200,0.0296,0,0
20,-130.53,10,34,0.0245,1,2
21,-100.47,6,200,0.0209,0,5
22,-915.03,4,200,0.0278,0,0
23,-89.62,7,200,0.0256,0,3
24,-164.91,7,33,0.0303,1,3
25,-83.97,10,25,0.0256,1,1
26,-83.11,7,19,0.0264,1,1
27,-1009.70,7,200,0.0285,0,0
28,-75.74,15,18,0.0296,1,2
29,-937.10,5,200,0.0283,0,0
30,-61.40,5,17,0.0258,1,1
31,-111.95,6,27,0.0248,1,1
32,-51.79,9,18,0.0233,1,3
33,-165.62,4,36,0.0309,1,1
34,-201.07,5,43,0.0299,1,1
35,-69.29,9,200,0.0276,0,9
36,-124.52,6,32,0.0256,1,1
37,-72.99,9,200,0.0240,0,5
38,-856.09,7,200,0.0259,0,0
39,-108.79,8,25,0.0296,1,1
40,-119.38,6,28,0.0274,1,1
41,-85.22,8,14,0.0378,1,4
42,-962.71,6,200,0.0287,0,0
43,-193.72,22,53,0.0252,1,1
44,-840.21,4,200,0.0256,0,0
45,-26.92,4,10,0.0227,1,3
46,-55.14,9,16,0.0233,1,1
47,-59.93,8,18,0.0240,1,1
48,-170.26,19,52,0.0243,1,1
49,-131.93,11,31,0.0271,1,2
50,-47.30,8,14,0.0250,1,3
51,-95.05,8,30,0.0199,1,1
52,-27.37,13,15,0.0162,1,1
53,-221.40,12,49,0.0299,1,1
54,-728.80,11,200,0.0238,0,0
55,-36.65,7,10,0.0274,1,1
56,-717.38,44,200,0.0239,0,0
57,-783.27,9,200,0.0248,0,0
58,-44.87,7,16,0.0255,1,2
59,-93.52,17,200,0.0197,0,2
60,-172.45,7,53,0.0221,1,1
61,-10.05,7,10,0.0145,1,3
62,-48.69,6,17,0.0221,1,1
63,-113.75,12,35,0.0265,1,1
64,-80.74,22,23,0.0237,1,2
65,-37.49,11,13,0.0211,1,2
66,-165.05,9,53,0.0230,1,1
67,-89.82,9,36,0.0192,1,1
68,-77.74,13,40,0.0181,1,1
69,-54.72,10,12,0.0363,1,4
70,-631.73,11,200,0.0205,0,0
71,-100.76,7,46,0.0200,1,1
72,-85.63,6,47,0.0166,1,1
73,-64.34,20,35,0.0157,1,1
74,-83.31,17,36,0.0190,1,1
75,-80.72,10,22,0.0268,1,1
76,-52.74,12,200,0.0161,0,3
77,-19.31,8,13,0.0186,1,3
78,-81.14,25,32,0.0197,1,1
79,-79.47,7,37,0.0197,1,2
80,-116.80,5,50,0.0183,1,1
81,-167.81,15,80,0.0190,1,1
82,-87.31,13,41,0.0168,1,1
83,-544.48,5,200,0.0187,0,0
84,-56.28,5,31,0.0181,1,1
85,-428.63,14,200,0.0177,0,0
86,-43.74,16,17,0.0223,1,1
87,-462.35,10,200,0.0167,0,0
88,-52.92,4,26,0.0170,1,1
89,-40.86,12,19,0.0190,1,1
90,-94.30,5,41,0.0180,1,1
91,-125.94,7,62,0.0145,1,1
92,-28.10,12,36,0.0102,1,1
93,-40.84,13,30,0.0132,1,2
94,-46.94,6,22,0.0179,1,1
95,-12.82,4,5,0.0334,1,1
96,-90.05,5,43,0.0186,1,1
97,-41.13,13,33,0.0128,1,2
98,-121.51,22,43,0.0209,1,2
99,-29.49,8,10,0.0285,1,2
100,-466.81,9,200,0.0174,0,0
101,-93.12,10,200,0.0168,0,3
102,-46.27,8,18,0.0220,1,2
103,-31.59,7,16,0.0181,1,2
104,-62.02,25,32,0.0172,1,1
105,-31.63,14,20,0.0158,1,1
106,-75.57,13,42,0.0162,1,1
107,-26.87,10,23,0.0117,1,1
108,-103.42,25,54,0.0185,1,1
109,-24.36,10,20,0.0217,1,1
110,-47.84,4,35,0.0123,1,1
111,-64.29,10,31,0.0157,1,1
112,-49.85,9,27,0.0172,1,2
113,-50.66,6,200,0.0147,0,4
114,-91.21,7,69,0.0134,1,1
115,-375.86,10,200,0.0142,0,0
116,-11.62,14,14,0.0094,1,1
117,-47.17,12,28,0.0143,1,2
118,-45.86,23,27,0.0167,1,1
119,-42.19,11,200,0.0146,0,6
120,-86.88,22,39,0.0166,1,2
121,-88.75,5,57,0.0151,1,1
122,-13.05,5,15,0.0139,1,1
123,-30.34,7,14,0.0170,1,1
124,-86.28,6,43,0.0158,1,1
125,-79.07,7,51,0.0160,1,1
126,-62.45,9,45,0.0124,1,1
127,-68.89,13,200,0.0154,0,3
128,-16.60,11,13,0.0140,1,3
129,-55.41,5,43,0.0118,1,1
130,-269.77,4,200,0.0114,0,0
131,-406.75,6,200,0.0148,0,0
132,-87.17,8,64,0.0132,1,1
133,-133.91,5,48,0.0178,1,1
134,-40.96,8,25,0.0178,1,1
135,-48.78,10,38,0.0148,1,1
136,-40.05,7,200,0.0136,0,5
137,-84.59,8,48,0.0162,1,1
138,-47.63,10,36,0.0132,1,1
139,-39.50,8,200,0.0151,0,3
140,-59.44,6,46,0.0119,1,1
141,-48.64,15,46,0.0121,1,1
142,-44.45,29,56,0.0100,1,1
143,-13.82,5,20,0.0094,1,2
144,-47.17,10,36,0.0142,1,1
145,-51.58,6,32,0.0151,1,1
146,-34.76,11,24,0.0143,1,1
147,-37.00,200,200,0.0183,0,6
148,-5.53,5,12,0.0107,1,2
149,-55.02,7,39,0.0125,1,1
150,-355.58,9,200,0.0128,0,0
151,-203.04,7,99,0.0162,1,1
152,-33.02,4,15,0.0157,1,1
153,-328.15,21,200,0.0153,0,0
154,-16.44,6,19,0.0145,1,1
155,-60.05,9,39,0.0144,1,1
156,8.18,6,7,0.0024,1,1
157,-11.02,17,34,0.0079,1,1
158,-4.09,6,8,0.0094,1,1
159,-79.96,15,52,0.0129,1,1
160,-331.58,16,200,0.0126,0,0
161,-18.02,9,16,0.0130,1,1
162,-48.12,34,200,0.0115,0,5
163,-30.19,17,35,0.0089,1,1
164,-76.63,7,44,0.0152,1,1
165,-47.46,9,200,0.0164,0,6
166,-26.48,18,35,0.0099,1,2
167,-356.79,7,200,0.0133,0,0
168,-74.97,9,54,0.0103,1,2
169,-114.19,13,55,0.0147,1,1
170,-38.62,39,40,0.0105,1,1
171,-337.47,9,200,0.0132,0,0
172,-26.27,10,200,0.0125,0,8
173,-396.17,8,200,0.0149,0,0
174,1.18,4,4,0.0100,1,1
175,-29.26,9,23,0.0133,1,1
176,-105.80,14,59,0.0144,1,1
177,-39.32,6,200,0.0139,0,6
178,-64.02,9,44,0.0127,1,1
179,-70.81,16,200,0.0125,0,3
180,-155.18,19,86,0.0130,1,1
181,-47.87,11,34,0.0122,1,1
182,-77.17,19,40,0.0128,1,1
183,-87.55,8,47,0.0153,1,1
184,-18.94,6,21,0.0120,1,1
185,-41.05,11,27,0.0127,1,2
186,-34.10,12,24,0.0165,1,2
187,-32.25,10,18,0.0161,1,1
188,-33.17,6,200,0.0125,0,6
189,-393.04,10,200,0.0146,0,0
190,-48.71,8,32,0.0181,1,2
191,-31.85,28,31,0.0124,1,2
192,-54.57,21,32,0.0157,1,2
193,-158.53,28,74,0.0168,1,1
194,-123.80,14,81,0.0128,1,1
195,-134.13,12,63,0.0156,1,1
196,-95.88,16,60,0.0156,1,1
197,-26.75,8,200,0.0139,0,3
198,-40.82,25,34,0.0135,1,4
199,-141.20,8,76,0.0136,1,1
200,-17.18,5,9,0.0216,1,1
201,-53.13,5,33,0.0109,1,1
202,-65.60,22,46,0.0129,1,1
203,-154.51,16,69,0.0142,1,1
204,-16.62,31,32,0.0058,1,1
205,-10.60,11,13,0.0167,1,2
206,-73.87,14,35,0.0180,1,1
207,-82.03,4,48,0.0148,1,1
208,-17.65,15,15,0.0169,1,1
209,-63.36,13,38,0.0158,1,1
210,-80.06,6,35,0.0153,1,1
211,-45.70,6,34,0.0119,1,2
212,-21.38,8,12,0.0203,1,2
213,-113.57,13,64,0.0141,1,1
214,-45.29,7,200,0.0218,0,8
215,-65.63,9,35,0.0193,1,1
216,-422.51,19,200,0.0146,0,0
217,-9.50,6,12,0.0128,1,3
218,-28.25,22,26,0.0145,1,3
219,-366.37,9,200,0.0136,0,0
220,-48.19,5,46,0.0112,1,1
221,-33.00,200,200,0.0091,0,5
222,-4.62,10,10,0.0129,1,1
223,-98.93,7,55,0.0155,1,2
224,-42.12,10,23,0.0143,1,1
225,-49.15,15,35,0.0118,1,1
226,-62.18,14,36,0.0130,1,2
227,-5.82,4,4,0.0188,1,1
228,-62.54,4,53,0.0094,1,1
229,-64.20,6,42,0.0142,1,1
230,-104.02,6,71,0.0135,1,2
231,-455.54,11,200,0.0165,0,0
232,-339.34,11,200,0.0122,0,0
233,-101.09,9,58,0.0130,1,1
234,-39.76,15,25,0.0144,1,3
235,-48.71,19,39,0.0122,1,2
236,-57.70,17,38,0.0120,1,1
237,-45.55,9,19,0.0154,1,2
238,-47.84,5,29,0.0132,1,1
239,-308.04,8,200,0.0113,0,0
240,-26.82,11,20,0.0133,1,2
241,-36.98,12,29,0.0128,1,1
242,-324.57,7,200,0.0130,0,0
243,-41.87,12,28,0.0168,1,3
244,-377.09,5,200,0.0143,0,0
245,-26.91,27,33,0.0105,1,1
246,-83.37,21,45,0.0169,1,1
247,-46.07,18,28,0.0163,1,2
248,-67.93,24,39,0.0148,1,1
249,-35.18,14,45,0.0134,1,2
250,-356.77,15,200,0.0155,0,0
251,-61.73,5,36,0.0158,1,1
252,-389.64,13,200,0.0147,0,0
253,-113.58,7,55,0.0168,1,1
254,-43.48,9,28,0.0130,1,1
255,-369.70,12,200,0.0158,0,0
256,-487.42,8,200,0.0175,0,0
257,-106.75,12,72,0.0137,1,1
258,-38.52,9,30,0.0152,1,2
259,-36.85,7,200,0.0171,0,3
260,-88.51,11,39,0.0226,1,1
261,-8.25,8,12,0.0129,1,3
262,-122.02,14,65,0.0176,1,1
263,-321.44,21,200,0.0131,0,0
264,-397.68,12,200,0.0149,0,0
265,-47.43,14,31,0.0150,1,1
266,-61.23,11,25,0.0163,1,1
267,-12.49,16,18,0.0093,1,2
268,-47.62,8,29,0.0141,1,1
269,-20.62,17,17,0.0174,1,1
270,-83.59,9,58,0.0116,1,1
271,-119.02,9,76,0.0136,1,1
272,-50.39,17,28,0.0183,1,1
273,-345.65,8,200,0.0150,0,0
274,-66.54,7,38,0.0157,1,1
275,-48.04,9,27,0.0187,1,1
276,-103.44,9,61,0.0133,1,1
277,-22.52,8,13,0.0172,1,2
278,-29.74,29,32,0.0103,1,2
279,-49.88,8,38,0.0126,1,1
280,-61.72,6,35,0.0200,1,1
281,-20.60,13,15,0.0170,1,2
282,-115.94,6,48,0.0190,1,1
283,-373.05,6,200,0.0161,0,0
284,-396.74,9,200,0.0148,0,0
285,-73.25,13,54,0.0136,1,1
286,-79.88,8,200,0.0167,0,4
287,-64.27,18,32,0.0173,1,1
288,-95.70,10,49,0.0147,1,1
289,-165.19,13,88,0.0155,1,1
290,-18.08,8,16,0.0141,1,3
291,-376.48,6,200,0.0148,0,0
292,-54.44,16,27,0.0150,1,1
293,-48.29,7,200,0.0163,0,3
294,-3.74,10,11,0.0092,1,2
295,-64.69,8,49,0.0156,1,1
296,-101.17,7,45,0.0158,1,1
297,-405.18,12,200,0.0146,0,0
298,-79.12,4,28,0.0185,1,1
299,-32.60,13,200,0.0134,0,5
300,-86.00,10,45,0.0153,1,1
301,-55.09,7,200,0.0157,0,4
302,-11.62,11,11,0.0172,1,1
303,-79.10,8,32,0.0197,1,1
304,-427.89,8,200,0.0163,0,0
305,-164.19,9,70,0.0187,1,1
306,-42.31,15,29,0.0138,1,2
307,-174.43,18,112,0.0142,1,1
308,-53.95,6,25,0.0195,1,2
309,-71.68,10,200,0.0214,0,1
310,-47.44,10,23,0.0166,1,1
311,-18.25,9,10,0.0189,1,2
312,-51.13,4,37,0.0133,1,1
313,-384.54,5,200,0.0149,0,0
314,-28.49,24,26,0.0111,1,1
315,-3.82,8,8,0.0195,1,1
316,-393.51,9,200,0.0152,0,0
317,-358.45,12,200,0.0142,0,0
318,-20.99,13,19,0.0172,1,2
319,-8.16,16,18,0.0115,1,3
320,-70.80,7,200,0.0162,0,2
321,-98.56,17,51,0.0170,1,1
322,-48.31,6,28,0.0169,1,2
323,-40.74,16,19,0.0203,1,2
324,-39.21,8,31,0.0133,1,1
325,-46.07,6,22,0.0188,1,2
326,-76.88,12,44,0.0162,1,1
327,-58.04,12,200,0.0191,0,2
328,-41.10,13,19,0.0183,1,1
329,-39.75,13,200,0.0137,0,4
330,-99.22,11,50,0.0188,1,1
331,-127.66,17,61,0.0160,1,1
332,-41.30,12,32,0.0131,1,1
333,-28.46,11,26,0.0133,1,1
334,-304.01,9,200,0.0128,0,0
335,-67.72,10,44,0.0168,1,1
336,-386.50,6,200,0.0150,0,0
337,-35.18,5,22,0.0140,1,1
338,-53.42,12,21,0.0170,1,2
339,-357.65,8,200,0.0134,0,0
340,-7.69,7,10,0.0116,1,1
341,-56.34,10,32,0.0121,1,1
342,-71.89,15,43,0.0127,1,1
343,-74.10,15,42,0.0166,1,3
344,-48.25,12,34,0.0111,1,1
345,-19.74,19,20,0.0110,1,1
346,-66.41,17,50,0.0121,1,1
347,-18.02,11,18,0.0104,1,2
348,-42.48,12,24,0.0150,1,1
349,-65.33,25,28,0.0189,1,1
350,-445.80,15,200,0.0162,0,0
351,-10.62,8,8,0.0150,1,1
352,-166.29,8,77,0.0175,1,1
353,-414.51,8,200,0.0161,0,0
354,-56.95,11,52,0.0113,1,1
355,-36.33,9,23,0.0168,1,1
356,-19.79,5,23,0.0131,1,2
357,-45.07,11,34,0.0164,1,1
358,-40.26,8,12,0.0315,1,1
359,-40.94,19,24,0.0180,1,1
360,-21.82,5,6,0.0285,1,1
361,-50.98,10,42,0.0138,1,1
362,-38.31,12,30,0.0148,1,1
363,-7.62,9,9,0.0132,1,1
364,-20.44,10,19,0.0161,1,1
365,-65.96,9,38,0.0161,1,1
366,-83.74,19,60,0.0145,1,2
367,-54.77,16,27,0.0164,1,1
368,-115.14,20,70,0.0179,1,1
369,-41.95,13,200,0.0111,0,4
370,-51.58,15,35,0.0146,1,1
371,-63.21,17,32,0.0155,1,2
372,-6.32,6,9,0.0106,1,3
373,-35.12,12,200,0.0157,0,8
374,-19.85,11,14,0.0162,1,2
375,-83.00,8,48,0.0134,1,1
376,-34.25,7,28,0.0128,1,1
377,-404.44,10,200,0.0155,0,0
378,-22.45,12,200,0.0095,0,8
379,-36.39,10,19,0.0193,1,2
380,-80.03,11,49,0.0137,1,2
381,-41.80,5,17,0.0168,1,2
382,-95.77,9,59,0.0135,1,1
383,-98.65,9,66,0.0117,1,1
384,-7.94,8,13,0.0083,1,2
385,-104.79,9,51,0.0153,1,1
386,-350.27,14,200,0.0133,0,0
387,-359.38,12,200,0.0137,0,0
388,-44.58,10,27,0.0156,1,1
389,-34.43,10,24,0.0104,1,1
390,-23.94,14,19,0.0125,1,2
391,-375.98,4,200,0.0143,0,0
392,-3.65,7,7,0.0149,1,1
393,-42.02,8,40,0.0095,1,1
394,4.51,7,9,0.0087,1,2
395,-60.57,5,49,0.0111,1,2
396,-169.92,24,94,0.0151,1,1
397,-68.79,18,42,0.0154,1,1
398,-43.16,13,34,0.0123,1,1
399,-61.12,18,200,0.0139,0,3
400,-14.48,10,15,0.0121,1,2
401,-68.52,11,47,0.0155,1,2
402,-94.80,5,51,0.0154,1,1
403,-16.17,7,21,0.0112,1,1
404,-500.56,13,200,0.0180,0,0
405,-57.37,20,32,0.0165,1,1
406,-366.81,32,200,0.0144,0,0
407,-142.07,8,63,0.0173,1,1
408,-35.50,9,24,0.0125,1,1
409,-140.99,21,68,0.0165,1,1
410,-358.34,22,200,0.0144,0,0
411,-47.32,8,200,0.0161,0,6
412,-19.11,17,24,0.0130,1,1
413,-71.25,7,38,0.0166,1,1
414,-53.36,13,35,0.0122,1,1
415,-51.92,9,200,0.0104,0,4
416,-402.44,6,200,0.0144,0,0
417,-361.03,11,200,0.0138,0,0
418,-81.55,9,45,0.0162,1,1
419,-76.70,9,31,0.0227,1,1
420,-435.04,9,200,0.0151,0,0
421,-59.74,10,34,0.0168,1,2
422,-442.97,11,200,0.0175,0,0
423,-210.05,9,111,0.0152,1,1
424,-403.37,5,200,0.0160,0,0
425,-245.67,12,87,0.0219,1,1
426,-83.09,6,50,0.0154,1,1
427,-104.32,6,54,0.0177,1,1
428,-8.50,12,14,0.0143,1,2
429,-94.26,23,48,0.0179,1,1
430,-57.95,11,34,0.0160,1,1
431,-86.06,10,36,0.0230,1,2
432,-16.87,8,19,0.0148,1,2
433,-396.17,6,200,0.0161,0,0
434,-20.38,15,19,0.0159,1,1
435,-111.00,5,73,0.0128,1,1
436,-66.18,26,53,0.0108,1,2
437,-92.80,10,60,0.0127,1,2
438,-6.14,11,14,0.0119,1,1
439,-321.66,9,200,0.0134,0,0
440,-331.03,9,200,0.0153,0,0
441,-49.82,9,49,0.0141,1,1
442,-49.44,6,200,0.0209,0,6
443,-31.72,12,36,0.0113,1,1
444,-87.63,20,200,0.0192,0,2
445,-27.24,11,24,0.0148,1,1
446,-59.89,5,45,0.0158,1,1
447,-55.16,7,32,0.0152,1,1
448,-105.11,17,53,0.0154,1,1
449,-71.94,9,47,0.0154,1,3
450,-26.04,12,200,0.0167,0,7
451,-45.24,8,200,0.0149,0,3
452,-90.67,8,47,0.0159,1,1
453,-70.94,9,35,0.0159,1,2
454,-95.31,7,52,0.0149,1,1
455,-207.68,12,95,0.0166,1,1
456,-420.47,6,200,0.0161,0,0
457,-388.96,36,200,0.0151,0,0
458,-27.05,12,20,0.0127,1,2
459,-42.11,12,21,0.0207,1,1
460,-164.14,17,91,0.0173,1,1
461,-118.91,21,53,0.0180,1,1
462,-30.73,29,33,0.0099,1,1
463,-70.76,21,200,0.0176,0,2
464,-32.22,8,28,0.0112,1,1
465,-61.17,10,36,0.0181,1,1
466,-60.36,12,26,0.0205,1,1
467,-85.36,8,65,0.0126,1,1
468,-53.65,5,40,0.0125,1,2
469,-153.65,7,105,0.0121,1,1
470,-15.49,9,11,0.0169,1,2
471,-403.79,21,200,0.0149,0,0
472,1.11,6,8,0.0093,1,1
473,-326.02,6,200,0.0135,0,0
474,-188.29,10,82,0.0186,1,1
475,-37.90,27,39,0.0111,1,1
476,-90.36,18,64,0.0136,1,1
477,-17.57,6,12,0.0167,1,1
478,-30.44,7,200,0.0120,0,3
479,-53.68,11,27,0.0212,1,1
480,-148.27,16,85,0.0161,1,1
481,-137.54,25,81,0.0139,1,1
482,-32.32,9,21,0.0141,1,1
483,-131.90,8,47,0.0223,1,1
484,-128.02,12,67,0.0145,1,1
485,-33.85,9,13,0.0250,1,2
486,-430.88,15,200,0.0168,0,0
487,-83.91,13,74,0.0113,1,1
488,-18.60,8,16,0.0134,1,1
489,-145.14,17,90,0.0142,1,1
490,-131.04,12,74,0.0169,1,1
491,-199.84,14,103,0.0168,1,1
492,-162.92,14,72,0.0171,1,1
493,-143.26,9,66,0.0182,1,1
494,-378.54,4,200,0.0145,0,0
495,-135.64,51,86,0.0135,1,1
496,-105.17,15,69,0.0141,1,1
497,-37.86,10,200,0.0145,0,4
498,-100.56,9,60,0.0143,1,1
499,-109.24,23,59,0.0171,1,1
500,-159.88,18,94,0.0143,1,1
501,-49.94,4,200,0.0175,0,4
502,-35.74,14,20,0.0167,1,2
503,-30.91,7,20,0.0178,1,1
504,-134.68,10,67,0.0162,1,1
505,-67.27,7,42,0.0141,1,1
506,-23.31,8,24,0.0120,1,1
507,-61.73,10,37,0.0149,1,1
508,-378.39,5,200,0.0152,0,0
509,-51.32,7,200,0.0262,0,8
510,-61.82,13,31,0.0157,1,1
511,-80.79,4,52,0.0149,1,1
512,-447.30,7,200,0.0176,0,0
513,-43.36,8,30,0.0135,1,1
514,-117.59,5,56,0.0198,1,1
515,-23.86,11,15,0.0142,1,1
516,-97.32,24,62,0.0145,1,1
517,-40.71,15,26,0.0167,1,1
518,-5.98,9,13,0.0151,1,1
519,-16.62,12,15,0.0167,1,1
520,-22.17,8,16,0.0165,1,1
521,-407.35,6,200,0.0167,0,0
522,-418.32,11,200,0.0169,0,0
523,-33.72,4,27,0.0125,1,1
524,-136.64,9,71,0.0171,1,1
525,-445.20,11,200,0.0175,0,0
526,-63.42,7,45,0.0149,1,2
527,-77.70,25,39,0.0198,1,1
528,-63.43,8,32,0.0188,1,1
529,-104.10,10,51,0.0161,1,1
530,-335.13,5,200,0.0143,0,0
531,-34.45,7,12,0.0250,1,2
532,-116.91,23,53,0.0185,1,1
533,-12.80,4,7,0.0262,1,2
534,-63.70,7,24,0.0209,1,1
535,-29.09,10,20,0.0146,1,1
536,-375.92,19,200,0.0141,0,0
537,-434.43,14,200,0.0174,0,0
538,-408.46,33,200,0.0149,0,0
539,-22.10,9,20,0.0123,1,1
540,-80.23,22,48,0.0166,1,1
541,-413.54,21,200,0.0169,0,0
542,-26.81,4,20,0.0169,1,2
543,-29.62,19,19,0.0245,1,1
544,-107.98,13,53,0.0163,1,1
545,-48.86,4,33,0.0130,1,1
546,-31.64,5,200,0.0173,0,6
547,-72.48,8,46,0.0168,1,1
548,-11.82,4,5,0.0210,1,1
549,-43.70,5,28,0.0160,1,1
550,-84.39,23,35,0.0217,1,1
551,-77.19,10,43,0.0162,1,1
552,-20.14,11,18,0.0125,1,1
553,-479.87,5,200,0.0180,0,0
554,-45.37,8,31,0.0137,1,1
555,-116.72,5,61,0.0158,1,1
556,-452.50,7,200,0.0170,0,0
557,-76.76,13,200,0.0199,0,3
558,-5.26,8,15,0.0119,1,3
559,-92.89,16,58,0.0131,1,1
560,-64.62,32,33,0.0164,1,1
561,-62.43,9,32,0.0184,1,1
562,-98.14,14,58,0.0152,1,1
563,4.86,7,8,0.0047,1,1
564,-29.62,19,19,0.0165,1,1
565,-94.86,20,48,0.0169,1,1
566,-6.57,6,8,0.0130,1,1
567,-52.71,7,40,0.0126,1,1
568,-61.25,10,43,0.0134,1,1
569,-327.10,6,200,0.0135,0,0
570,-168.63,19,77,0.0170,1,1
571,-101.12,8,47,0.0173,1,1
572,-51.99,8,35,0.0128,1,1
573,-89.56,14,38,0.0193,1,1
574,-56.32,6,42,0.0113,1,1
575,-52.43,17,26,0.0178,1,2
576,-12.62,8,8,0.0206,1,1
577,-13.12,10,12,0.0208,1,1
578,-396.07,15,200,0.0149,0,0
579,-92.95,14,51,0.0153,1,1
580,-61.00,10,40,0.0147,1,1
581,-12.21,6,10,0.0195,1,1
582,-117.43,40,200,0.0162,0,6
583,-380.22,10,200,0.0152,0,0
584,1.18,4,4,0.0182,1,1
585,-10.75,8,14,0.0165,1,2
586,-56.10,11,30,0.0157,1,1
587,-80.05,29,200,0.0132,0,4
588,-67.71,15,34,0.0172,1,1
589,-72.80,21,43,0.0165,1,1
590,-358.27,26,200,0.0147,0,0
591,-60.70,17,34,0.0169,1,1
592,-78.94,23,28,0.0217,1,2
593,-64.07,15,41,0.0157,1,1
594,-428.31,5,200,0.0172,0,0
595,-52.71,16,32,0.0144,1,1
596,-39.00,200,200,0.0148,0,6
597,-70.56,18,58,0.0148,1,1
598,-91.64,17,41,0.0185,1,1
599,-153.61,24,89,0.0155,1,1
600,-117.02,34,64,0.0144,1,2
601,-12.93,5,13,0.0157,1,2
602,-47.31,15,42,0.0145,1,1
603,-74.22,17,41,0.0166,1,1
604,-58.03,6,29,0.0189,1,2
605,-431.14,6,200,0.0177,0,0
606,-17.29,9,21,0.0112,1,2
607,-11.66,11,22,0.0098,1,3
608,-11.99,14,20,0.0095,1,2
609,-95.71,13,57,0.0161,1,1
610,-66.19,11,46,0.0161,1,1
611,-140.27,18,75,0.0168,1,1
612,-419.82,7,200,0.0160,0,0
613,-98.65,16,46,0.0184,1,1
614,-483.35,12,200,0.0187,0,0
615,-135.63,8,67,0.0185,1,1
616,-121.42,9,65,0.0162,1,1
617,-16.28,8,20,0.0093,1,1
618,-61.89,14,200,0.0151,0,5
619,-52.48,16,36,0.0147,1,1
620,-49.85,14,29,0.0161,1,1
621,-35.12,12,200,0.0186,0,6
622,-80.31,9,44,0.0165,1,1
623,-108.59,14,64,0.0147,1,1
624,-115.49,10,56,0.0184,1,1
625,-168.59,13,102,0.0136,1,1
626,-59.98,8,32,0.0145,1,1
627,-47.06,7,23,0.0171,1,1
628,-134.05,13,60,0.0186,1,1
629,-57.38,4,43,0.0158,1,1
630,-17.54,12,23,0.0119,1,1
631,-131.79,13,83,0.0143,1,1
632,-52.51,13,200,0.0146,0,3
633,-50.63,10,23,0.0165,1,1
634,-397.51,17,200,0.0165,0,0
635,-375.34,14,200,0.0166,0,0
636,-36.89,12,200,0.0141,0,5
637,-37.71,10,23,0.0153,1,1
638,-19.07,10,19,0.0129,1,1
639,-58.53,29,43,0.0161,1,2
640,-37.30,5,37,0.0139,1,1
641,-87.04,24,48,0.0189,1,2
642,-13.15,4,9,0.0232,1,1
643,-366.67,4,200,0.0135,0,0
644,-71.84,7,44,0.0148,1,1
645,-11.74,7,10,0.0186,1,2
646,-89.62,20,61,0.0122,1,1
647,-32.37,6,40,0.0100,1,2
648,-41.95,5,200,0.0218,0,9
649,-42.81,9,200,0.0172,0,5
650,-72.03,8,44,0.0131,1,1
651,-44.32,11,200,0.0245,0,7
652,6.15,7,10,0.0045,1,1
653,-120.43,11,74,0.0135,1,1
654,-53.40,10,43,0.0111,1,1
655,-132.64,25,76,0.0139,1,1
656,-127.12,9,76,0.0155,1,1
657,-12.86,7,11,0.0169,1,1
658,-373.89,9,200,0.0149,0,0
659,-134.03,6,66,0.0165,1,1
660,-50.29,5,45,0.0112,1,1
661,-86.30,5,44,0.0143,1,1
662,-87.02,13,53,0.0150,1,1
663,-46.51,7,19,0.0192,1,2
664,-59.96,8,49,0.0129,1,1
665,-54.99,16,41,0.0100,1,1
666,-77.56,6,200,0.0187,0,2
667,-162.90,7,83,0.0154,1,1
668,-128.23,9,48,0.0204,1,1
669,-32.58,11,22,0.0134,1,2
670,-140.88,9,67,0.0178,1,1
671,-52.45,23,47,0.0116,1,1
672,-112.44,30,53,0.0175,1,1
673,-32.86,11,15,0.0166,1,2
674,-29.46,17,21,0.0161,1,2
675,-60.45,12,54,0.0119,1,1
676,-389.24,9,200,0.0174,0,0
677,-144.12,6,79,0.0153,1,1
678,-56.00,12,34,0.0152,1,2
679,-84.99,4,51,0.0168,1,1
680,-347.53,10,200,0.0149,0,0
681,-18.12,10,200,0.0069,0,7
682,-53.45,7,49,0.0123,1,1
683,-62.29,5,65,0.0143,1,2
684,-12.60,13,15,0.0109,1,3
685,-32.67,11,22,0.0172,1,1
686,-20.58,7,32,0.0129,1,2
687,-30.76,10,24,0.0135,1,1
688,-346.60,27,200,0.0153,0,0
689,-59.09,17,27,0.0189,1,1
690,-41.32,6,200,0.0097,0,7
691,-55.12,12,200,0.0137,0,3
692,-70.65,13,51,0.0110,1,1
693,-83.22,7,40,0.0174,1,2
694,-58.55,11,40,0.0163,1,1
695,-175.23,10,124,0.0115,1,1
696,-99.26,13,57,0.0132,1,1
697,-190.64,7,112,0.0137,1,1
698,-44.11,10,200,0.0265,0,5
699,-78.60,4,45,0.0146,1,1
700,-342.62,15,200,0.0131,0,0
